{
  "manifest": {
    "publishingInformation": {
      "locales": {
        "pt-BR": {
          "summary": "Consultar estado da conexão da NodeMCU e alterar intervalo de envio do estado de conexão, alarme e \"estou bem\"",
          "examplePhrases": [
            "Qual o estado de conexão?",
            "altere conexão para 2 minutos alarme para 3 minutos e estou bem para 5 minutos"
          ],
          "keywords": [
            "Motocicleta",
            "NodeMCU"
          ],
          "name": "PBLSD",
          "description": "Essa skill está ligada ao um projeto maior de dispositivo que poderá ser colocado em um motocicleta, a fim de notificar quando acontece qualquer possível acidente ou furto. Ela possibilita que a Alexa notifique o estado atual da conexão da placa NodeMCU, alterar os seus intervalos de envio do seu estado de conexão, ativação do alarme e intervalo para que o usuário indique que está bem, caso aconteça algum possível acidente ou furto.",
          "smallIconUri": "file://assets/images/pt-BR_smallIconUri.png",
          "updatesDescription": "É uma integração que permite que o usuário possa facilmente consultar o estado da conexão com a placa e alterar o intervalo de envio do estado de conexão pela placa NodeMCU, alterar intervalo de alarme e \"estou bem\".",
          "largeIconUri": "file://assets/images/pt-BR_largeIconUri.png"
        }
      },
      "automaticDistribution": {
        "isActive": false
      },
      "isAvailableWorldwide": false,
      "testingInstructions": "Sample Testing Instructions.",
      "category": "KNOWLEDGE_AND_TRIVIA",
      "distributionMode": "PUBLIC",
      "distributionCountries": [
        "BR"
      ]
    },
    "apis": {
      "custom": {
        "endpoint": {
          "uri": "arn:aws:lambda:us-east-1:673501748082:function:459ebf5a-4d92-4f4c-91eb-9cd58a75d8f8:Release_0"
        },
        "interfaces": [],
        "regions": {
          "EU": {
            "endpoint": {
              "uri": "arn:aws:lambda:eu-west-1:673501748082:function:459ebf5a-4d92-4f4c-91eb-9cd58a75d8f8:Release_0"
            }
          },
          "NA": {
            "endpoint": {
              "uri": "arn:aws:lambda:us-east-1:673501748082:function:459ebf5a-4d92-4f4c-91eb-9cd58a75d8f8:Release_0"
            }
          },
          "FE": {
            "endpoint": {
              "uri": "arn:aws:lambda:us-west-2:673501748082:function:459ebf5a-4d92-4f4c-91eb-9cd58a75d8f8:Release_0"
            }
          }
        }
      }
    },
    "manifestVersion": "1.0",
    "privacyAndCompliance": {
      "allowsPurchases": false,
      "locales": {
        "pt-BR": {}
      },
      "containsAds": false,
      "isExportCompliant": true,
      "isChildDirected": false,
      "usesPersonalInfo": false
    }
  }
}